,coeficiente
cat__provincia_CARCHI,1.680920792975565
cat__provincia_CANAR,1.6745372052218934
cat__provincia_ESMERALDAS,1.121360305469612
cat__clase_1,0.7587280606780379
cat__provincia_SUCUMBIOS,0.7173740961452557
cat__zona_2,0.5947677337727271
cat__clase_6,0.4861360796660997
cat__provincia_PASTAZA,0.4391720556824014
cat__causa_9,0.4217329663837414
cat__causa_6,0.33647165539969826
cat__franja_horaria_noche,0.3262823345400111
cat__causa_5,0.29218813698086366
cat__clase_8,0.262179100230253
cat__provincia_BOLIVAR,0.25883632852610156
cat__causa_3,0.2585555130651775
cat__franja_horaria_madrugada,0.25341129006298246
cat__clase_7,0.2447418075891564
cat__provincia_CHIMBORAZO,0.19019291330537394
cat__provincia_NAPO,0.174830362436618
num__es_amazonia,0.15803217992377178
cat__provincia_IMBABURA,0.13909343300346125
num__fin_de_semana,0.09348559284887994
cat__dia_semana_lunes,0.09007006477260908
cat__dia_semana_domingo,0.08578869874140824
cat__provincia_COTOPAXI,0.06888387180313967
cat__provincia_infrequent_sklearn,0.057014412780419514
num__mes,0.034363499344577345
cat__dia_semana_martes,0.030923906423727603
cat__dia_semana_sabado,0.024548365653368504
num__viernes_a_domingo,0.002578046948461493
cat__provincia_LOS RIOS,-8.441535588279482e-05
cat__dia_semana_jueves,-0.011861114045727204
cat__dia_semana_viernes,-0.019214109531261077
cat__causa_10,-0.024312321494676215
cat__dia_semana_miercoles,-0.030983706534678693
num__hora_pico,-0.09773102076776934
cat__provincia_EL ORO,-0.10162644569564325
num__hora_num,-0.12377977907350962
cat__causa_4,-0.13590925419805386
cat__clase_3,-0.1403765337131124
cat__causa_7,-0.14698883870189425
cat__provincia_MANABI,-0.16399766111754205
cat__clase_5,-0.17385541107353056
cat__causa_8,-0.17603165706823642
cat__causa_2,-0.18022016976280694
cat__provincia_MORONA SANTIAGO,-0.18358774274199316
cat__franja_horaria_manana,-0.18816147890281912
cat__franja_horaria_tarde,-0.22226004022073276
cat__provincia_ORELLANA,-0.22753163447870456
cat__clase_4,-0.26148790682217005
cat__provincia_SANTO DOMINGO DE LOS TSACHILAS,-0.28893050224089184
cat__zona_1,-0.4254956282933021
cat__provincia_PICHINCHA,-0.4275993541051958
cat__causa_1,-0.47621392512437066
cat__provincia_GUAYAS,-0.6248631593689298
cat__provincia_LOJA,-0.7920969658476581
cat__provincia_TUNGURAHUA,-0.7975515582340336
cat__provincia_AZUAY,-0.8813974237444562
cat__provincia_ZAMORA CHINCHIPE,-0.899024179910435
cat__provincia_SANTA ELENA,-0.9646526290290252
cat__clase_2,-1.0067930910752256
