,count,mean,std,min,25%,50%,75%,max
provincia,42214.0,11.979,5.627,1.0,9.0,10.0,17.0,24.0
canton,42214.0,1208.941,610.922,101.0,901.0,1001.0,1701.0,9008.0
mes,42214.0,6.672,3.436,1.0,4.0,7.0,10.0,12.0
dia,42214.0,4.394,2.044,1.0,3.0,5.0,6.0,7.0
hora,42214.0,12.655,6.679,0.0,7.0,13.0,19.0,23.0
clase,42214.0,3.744,1.958,1.0,3.0,3.0,4.0,8.0
causa,42214.0,4.384,1.962,1.0,3.0,4.0,5.75,10.0
zona,42214.0,1.348,0.476,1.0,1.0,1.0,2.0,2.0
num_fallecido,42214.0,0.111,0.367,0.0,0.0,0.0,0.0,10.0
num_lesionado,42214.0,0.875,1.11,0.0,0.0,1.0,1.0,36.0
total_victimas,42214.0,0.985,1.15,0.0,0.0,1.0,1.0,37.0
anio,42214.0,2023.503,0.5,2023.0,2023.0,2024.0,2024.0,2024.0
