,importancia
cat__zona_2,0.14268402059453325
cat__zona_1,0.12521648658664203
num__hora_num,0.08059863987113977
num__mes,0.058195128850073254
cat__clase_1,0.050075477978066336
cat__clase_3,0.041840258663890455
cat__provincia_GUAYAS,0.030652267148170907
num__es_amazonia,0.029323761540786777
cat__franja_horaria_madrugada,0.022970433874295527
cat__clase_7,0.02101423163061395
cat__franja_horaria_tarde,0.01774435159717198
cat__causa_3,0.01724236739894812
cat__causa_1,0.016672679668400435
cat__causa_7,0.015883330151327823
cat__provincia_AZUAY,0.01553117049672294
cat__provincia_ESMERALDAS,0.015484843971873535
cat__clase_4,0.014670117246713013
num__fin_de_semana,0.014511892349086342
cat__causa_4,0.013392649586395322
num__hora_pico,0.013389119880453765
cat__provincia_PICHINCHA,0.013210152341706116
cat__franja_horaria_noche,0.012472009980412218
cat__causa_5,0.012065212617437282
cat__dia_semana_domingo,0.011735482872884754
cat__franja_horaria_manana,0.011571794379405063
cat__clase_2,0.010595244692058114
cat__provincia_CANAR,0.009807764944523173
num__viernes_a_domingo,0.00974080955860592
cat__dia_semana_sabado,0.008745749753397605
cat__provincia_LOJA,0.008563150372784238
cat__dia_semana_lunes,0.008386510197666402
cat__provincia_TUNGURAHUA,0.008241134899733838
cat__dia_semana_viernes,0.0075842498107967235
cat__dia_semana_martes,0.0072328230417697155
cat__provincia_SANTA ELENA,0.007081003104528314
cat__provincia_LOS RIOS,0.006892826124935172
cat__dia_semana_jueves,0.006888543099844336
cat__clase_5,0.006845044521921194
cat__provincia_SANTO DOMINGO DE LOS TSACHILAS,0.006768668423800817
cat__dia_semana_miercoles,0.006725359051377889
cat__provincia_MANABI,0.00632918704512307
cat__provincia_CHIMBORAZO,0.005996842291501279
cat__provincia_COTOPAXI,0.005745878001630016
cat__causa_2,0.00550673891014629
cat__clase_8,0.004841943176114414
cat__provincia_EL ORO,0.004775063072447913
cat__provincia_IMBABURA,0.0037907424405986038
cat__clase_6,0.0031179298056838774
cat__causa_9,0.0028516702821431107
cat__causa_10,0.002802964159595252
cat__causa_8,0.002502772557657475
cat__provincia_MORONA SANTIAGO,0.0024431146859901663
cat__provincia_CARCHI,0.002092786428289468
cat__causa_6,0.0018767378213425463
cat__provincia_ORELLANA,0.0018644530464732689
cat__provincia_SUCUMBIOS,0.0016120417055756025
cat__provincia_BOLIVAR,0.0014416186466762494
cat__provincia_ZAMORA CHINCHIPE,0.0009403863558594617
cat__provincia_NAPO,0.0007136601751149347
cat__provincia_PASTAZA,0.0005067065171426428
cat__provincia_infrequent_sklearn,0.0
